{"entities":{"pages":{"About_Writerside":{"id":"About_Writerside","title":"Getting started","url":"about-writerside.html","level":0,"tabIndex":0},"c88f12f9_3":{"id":"c88f12f9_3","title":"Manage a documentation project","level":0,"pages":["Create_a_project","Project_structure","Manage_table_of_contents","Support_multiple_versions","Create_an_instance"],"tabIndex":1},"Create_a_project":{"id":"Create_a_project","title":"Create a project","url":"create-a-project.html","level":1,"parentId":"c88f12f9_3","tabIndex":0},"Project_structure":{"id":"Project_structure","title":"Writerside project structure","url":"project-structure.html","level":1,"parentId":"c88f12f9_3","tabIndex":1},"Manage_table_of_contents":{"id":"Manage_table_of_contents","title":"Manage table of contents","url":"manage-table-of-contents.html","level":1,"parentId":"c88f12f9_3","tabIndex":2},"Support_multiple_versions":{"id":"Support_multiple_versions","title":"Support multiple versions","url":"support-multiple-versions.html","level":1,"parentId":"c88f12f9_3","tabIndex":3},"Create_an_instance":{"id":"Create_an_instance","title":"Create and manage an instance","url":"create-an-instance.html","level":1,"parentId":"c88f12f9_3","tabIndex":4},"Topics":{"id":"Topics","title":"Manage topics","url":"topics.html","level":0,"pages":["Add_a_topic","Changing_topic_title","Manage_a_topic","Manage_in-page_table_of_contents","Preview_a_topic","Place_redirects","Delete_a_topic","save-as-template","Add_downloadable_asset_to_the_page"],"tabIndex":2},"Add_a_topic":{"id":"Add_a_topic","title":"Add topics","url":"add-a-topic.html","level":1,"parentId":"Topics","tabIndex":0},"Changing_topic_title":{"id":"Changing_topic_title","title":"Change titles and IDs","url":"changing-topic-title.html","level":1,"parentId":"Topics","tabIndex":1},"Manage_a_topic":{"id":"Manage_a_topic","title":"Manage an output file","url":"manage-a-topic.html","level":1,"parentId":"Topics","tabIndex":2},"Manage_in-page_table_of_contents":{"id":"Manage_in-page_table_of_contents","title":"Manage in-page table of contents","url":"test1.html, test2.html","level":1,"parentId":"Topics","tabIndex":3},"Preview_a_topic":{"id":"Preview_a_topic","title":"Preview a topic","url":"preview-a-topic.html","level":1,"parentId":"Topics","tabIndex":4},"Place_redirects":{"id":"Place_redirects","title":"Place redirects","url":"place-redirects.html","level":1,"parentId":"Topics","tabIndex":5},"Delete_a_topic":{"id":"Delete_a_topic","title":"Remove topics","url":"delete-a-topic.html","level":1,"parentId":"Topics","tabIndex":6},"save-as-template":{"id":"save-as-template","title":"Save topic as template","url":"save-as-template.html","level":1,"parentId":"Topics","tabIndex":7},"Add_downloadable_asset_to_the_page":{"id":"Add_downloadable_asset_to_the_page","title":"Add a downloadable asset to the page","url":"add-downloadable-asset-to-the-page.html","level":1,"parentId":"Topics","tabIndex":8},"markup-ref":{"id":"markup-ref","title":"Markup Reference","level":0,"pages":["Table_of_contents_elements","c88f12f9_19","Markdown_markup"],"tabIndex":3},"Table_of_contents_elements":{"id":"Table_of_contents_elements","title":"Table of contents elements","url":"table-of-contents-elements.html","level":1,"parentId":"markup-ref","tabIndex":0},"c88f12f9_19":{"id":"c88f12f9_19","title":"Semantic Markup","level":1,"parentId":"markup-ref","pages":["Links_and_references","Visual_elements","Structural_elements","Inline_formatting","Lists","Definition_lists","Tables","Tabs","Code_blocks_semantic","Tooltips","Summary_elements","Switchable_content","Section_starting_page"],"tabIndex":1},"Links_and_references":{"id":"Links_and_references","title":"Links and references","url":"links-and-references.html","level":2,"parentId":"c88f12f9_19","tabIndex":0},"Visual_elements":{"id":"Visual_elements","title":"Visual elements","url":"visual-elements.html","level":2,"parentId":"c88f12f9_19","tabIndex":1},"Structural_elements":{"id":"Structural_elements","title":"Structural elements","url":"structural-elements.html","level":2,"parentId":"c88f12f9_19","tabIndex":2},"Inline_formatting":{"id":"Inline_formatting","title":"Inline formatting","url":"inline-formatting.html","level":2,"parentId":"c88f12f9_19","tabIndex":3},"Lists":{"id":"Lists","title":"Lists","url":"lists.html","level":2,"parentId":"c88f12f9_19","tabIndex":4},"Definition_lists":{"id":"Definition_lists","title":"Definition lists","url":"definition-lists.html","level":2,"parentId":"c88f12f9_19","tabIndex":5},"Tables":{"id":"Tables","title":"Tables","url":"tables.html","level":2,"parentId":"c88f12f9_19","tabIndex":6},"Tabs":{"id":"Tabs","title":"Tabs","url":"tabs.html","level":2,"parentId":"c88f12f9_19","tabIndex":7},"Code_blocks_semantic":{"id":"Code_blocks_semantic","title":"Code snippets","url":"code-blocks-semantic.html","level":2,"parentId":"c88f12f9_19","tabIndex":8},"Tooltips":{"id":"Tooltips","title":"Tooltips","url":"tooltips.html","level":2,"parentId":"c88f12f9_19","tabIndex":9},"Summary_elements":{"id":"Summary_elements","title":"Summary elements","url":"summary-elements.html","level":2,"parentId":"c88f12f9_19","tabIndex":10},"Switchable_content":{"id":"Switchable_content","title":"Switchable content","url":"switchable-content.html","level":2,"parentId":"c88f12f9_19","tabIndex":11},"Section_starting_page":{"id":"Section_starting_page","title":"Starting page","url":"section-starting-page.html","level":2,"parentId":"c88f12f9_19","tabIndex":12},"Markdown_markup":{"id":"Markdown_markup","title":"Markdown Markup","url":"markdown-markup.html","level":1,"parentId":"markup-ref","pages":["Code_blocks","Images","Links","Admonition_blocks_markdown","Definition_Lists_Markdown"],"tabIndex":2},"Code_blocks":{"id":"Code_blocks","title":"Code blocks","url":"code-blocks.html","level":2,"parentId":"Markdown_markup","tabIndex":0},"Images":{"id":"Images","title":"Images","url":"images.html","level":2,"parentId":"Markdown_markup","tabIndex":1},"Links":{"id":"Links","title":"Links","url":"links.html","level":2,"parentId":"Markdown_markup","tabIndex":2},"Admonition_blocks_markdown":{"id":"Admonition_blocks_markdown","title":"Admonition blocks","url":"admonition-blocks-markdown.html","level":2,"parentId":"Markdown_markup","tabIndex":3},"Definition_Lists_Markdown":{"id":"Definition_Lists_Markdown","title":"Definition lists","url":"definition-lists-markdown.html","level":2,"parentId":"Markdown_markup","tabIndex":4},"c88f12f9_39":{"id":"c88f12f9_39","title":"IntelliJ IDEs features for better writing","level":0,"pages":["Navigation","Find_in_files","Find_usages","Column_selection","Multiple_cursors","Wrap_text_with_tags","Local-history","Live-templates"],"tabIndex":4},"Navigation":{"id":"Navigation","title":"Mastering the navigation","url":"navigation.html","level":1,"parentId":"c88f12f9_39","tabIndex":0},"Find_in_files":{"id":"Find_in_files","title":"Find and replace an element in files","url":"find-in-files.html","level":1,"parentId":"c88f12f9_39","tabIndex":1},"Find_usages":{"id":"Find_usages","title":"Find usages","url":"find-usages.html","level":1,"parentId":"c88f12f9_39","tabIndex":3},"Column_selection":{"id":"Column_selection","title":"Column selection","url":"column-selection.html","level":1,"parentId":"c88f12f9_39","tabIndex":4},"Multiple_cursors":{"id":"Multiple_cursors","title":"Use multiple cursors to edit markup","url":"multiple-cursors.html","level":1,"parentId":"c88f12f9_39","tabIndex":5},"Wrap_text_with_tags":{"id":"Wrap_text_with_tags","title":"Wrap text with tags﻿","url":"wrap-text-with-tags.html","level":1,"parentId":"c88f12f9_39","tabIndex":6},"Local-history":{"id":"Local-history","title":"Local history","url":"local-history.html","level":1,"parentId":"c88f12f9_39","tabIndex":7},"Live-templates":{"id":"Live-templates","title":"Reuse repeating fragments","url":"live-templates.html","level":1,"parentId":"c88f12f9_39","tabIndex":8},"Local_build":{"id":"Local_build","title":"Build an instance locally","url":"local-build.html","level":0,"tabIndex":5},"Turn_an_existing_MD_files_into_a_project":{"id":"Turn_an_existing_MD_files_into_a_project","title":"Tutorial: Turn existing MD files into a documentation project","url":"turn-an-existing-md-files-into-a-project.html","level":0,"tabIndex":6},"Single_sourcing":{"id":"Single_sourcing","title":"Single sourcing and content reuse","url":"single-sourcing.html","level":0,"pages":["Reuse_a_single_topic","Reuse_multiple_topics_at_once","Reuse_a_content_in_another_topic","Make_titles_differ","Make_part_of_the_content_differ","Previewing_the_single-sourced_content","Find_Reusable_Content","Variables","Conditional_content"],"tabIndex":7},"Reuse_a_single_topic":{"id":"Reuse_a_single_topic","title":"Reuse a single topic","url":"reuse-a-single-topic.html","level":1,"parentId":"Single_sourcing","tabIndex":0},"Reuse_multiple_topics_at_once":{"id":"Reuse_multiple_topics_at_once","title":"Reuse multiple topics at once","url":"reuse-multiple-topics-at-once.html","level":1,"parentId":"Single_sourcing","tabIndex":1},"Reuse_a_content_in_another_topic":{"id":"Reuse_a_content_in_another_topic","title":"Reuse a content in another topic","url":"reuse-a-content-in-another-topic.html","level":1,"parentId":"Single_sourcing","tabIndex":2},"Make_titles_differ":{"id":"Make_titles_differ","title":"Make titles differ","url":"make-titles-differ.html","level":1,"parentId":"Single_sourcing","tabIndex":3},"Make_part_of_the_content_differ":{"id":"Make_part_of_the_content_differ","title":"Make part of the reused content differ","url":"make-part-of-the-content-differ.html","level":1,"parentId":"Single_sourcing","tabIndex":4},"Previewing_the_single-sourced_content":{"id":"Previewing_the_single-sourced_content","title":"Preview the single-sourced content","url":"previewing-the-single-sourced-content.html","level":1,"parentId":"Single_sourcing","tabIndex":5},"Find_Reusable_Content":{"id":"Find_Reusable_Content","title":"Find Reusable Content","url":"find-reusable-content.html","level":1,"parentId":"Single_sourcing","tabIndex":6},"Variables":{"id":"Variables","title":"Variables","url":"variables.html","level":1,"parentId":"Single_sourcing","tabIndex":7},"Conditional_content":{"id":"Conditional_content","title":"Conditional content","url":"conditional-content.html","level":1,"parentId":"Single_sourcing","tabIndex":8}}},"topLevelIds":["About_Writerside","c88f12f9_3","Topics","markup-ref","c88f12f9_39","Local_build","Turn_an_existing_MD_files_into_a_project","Single_sourcing"]}